{"accuracy": 0.653041825095057, "f1": 0.4919035372007622}