{"accuracy": 0.7538022813688213, "f1": 0.5021856167739415}